Team,Game,Date,Home,Opponent,WINorLOSS,TeamPoints,OpponentPoints,FieldGoals,FieldGoalsAttempted,FieldGoalsPCT,X3PointShots,X3PointShotsAttempted,X3PointShotsPCT,FreeThrows,FreeThrowsAttempted,FreeThrowsPCT,OffRebounds,TotalRebounds,Assists,Steals,Blocks,Turnovers,TotalFouls,OppFieldGoals,OppFieldGoalsAttempted,OppFieldGoalsPCT,Opp3PointShots,Opp3PointShotsAttempted,Opp3PointShotsPCT,OppFreeThrows,OppFreeThrowsAttempted,OppFreeThrowsPCT,OppOffRebounds,OppTotalRebounds,OppAssists,OppSteals,OppBlocks,OppTurnovers,OppTotalFouls
CLE,1,10/27/2015,Away,CHI,L,95,97,38,94,0.404,9,29,0.31,10,17,0.588,11,50,26,5,7,10,21,37,87,0.425,7,19,0.368,16,23,0.696,7,47,13,6,10,13,22
CLE,2,10/28/2015,Away,MEM,W,106,76,41,84,0.488,13,29,0.448,11,17,0.647,12,54,29,7,2,19,25,29,82,0.354,2,16,0.125,16,22,0.727,11,40,15,8,3,16,18
CLE,3,10/30/2015,Home,MIA,W,102,92,39,86,0.453,6,25,0.24,18,21,0.857,14,49,25,4,4,11,19,33,77,0.429,6,21,0.286,20,22,0.909,6,38,21,5,7,13,20
CLE,4,11/2/2015,Away,PHI,W,107,100,42,81,0.519,8,22,0.364,15,20,0.75,7,43,28,5,9,16,19,38,85,0.447,7,24,0.292,17,23,0.739,9,37,22,7,5,13,18
CLE,5,11/4/2015,Home,NYK,W,96,86,33,83,0.398,7,27,0.259,23,32,0.719,9,48,21,5,2,11,12,33,84,0.393,8,24,0.333,12,15,0.8,9,40,16,6,7,12,23
CLE,6,11/6/2015,Home,PHI,W,108,102,45,88,0.511,10,26,0.385,8,12,0.667,11,45,29,9,0,17,20,41,79,0.519,10,23,0.435,10,15,0.667,7,38,23,9,4,16,18
CLE,7,11/8/2015,Home,IND,W,101,97,38,83,0.458,8,24,0.333,17,25,0.68,11,48,25,5,4,10,20,39,90,0.433,6,18,0.333,13,19,0.684,12,47,22,5,4,7,20
CLE,8,11/10/2015,Home,UTA,W,118,114,37,74,0.5,11,24,0.458,33,43,0.767,11,35,24,9,6,16,21,40,82,0.488,10,22,0.455,24,28,0.857,13,37,30,11,0,16,35
CLE,9,11/13/2015,Away,NYK,W,90,84,33,78,0.423,6,28,0.214,18,31,0.581,12,49,12,6,1,12,19,29,79,0.367,9,27,0.333,17,21,0.81,10,46,16,7,4,14,26
CLE,10,11/14/2015,Away,MIL,L,105,108,37,91,0.407,14,38,0.368,17,27,0.63,14,54,21,6,8,20,24,43,102,0.422,6,16,0.375,16,22,0.727,15,51,20,6,9,12,25
CLE,11,11/17/2015,Away,DET,L,99,104,38,80,0.475,11,33,0.333,12,20,0.6,3,40,21,8,2,14,25,36,84,0.429,7,21,0.333,25,31,0.806,11,48,20,11,1,13,15
CLE,12,11/19/2015,Home,MIL,W,115,100,40,71,0.563,11,24,0.458,24,30,0.8,13,43,29,3,2,17,24,38,73,0.521,3,8,0.375,21,26,0.808,6,22,22,8,2,11,29
CLE,13,11/21/2015,Home,ATL,W,109,97,41,85,0.482,11,29,0.379,16,19,0.842,11,51,27,4,8,14,22,32,86,0.372,11,28,0.393,22,25,0.88,12,38,22,10,4,12,20
CLE,14,11/23/2015,Home,ORL,W,117,103,43,81,0.531,18,35,0.514,13,22,0.591,8,41,34,5,3,10,15,40,81,0.494,10,22,0.455,13,21,0.619,9,39,25,6,6,10,21
CLE,15,11/25/2015,Away,TOR,L,99,103,36,82,0.439,14,29,0.483,13,16,0.813,9,42,22,4,2,10,20,40,79,0.506,11,25,0.44,12,22,0.545,6,40,14,8,5,9,15
CLE,16,11/27/2015,Away,CHO,W,95,90,34,81,0.42,8,25,0.32,19,25,0.76,12,50,17,3,2,16,22,33,80,0.413,5,25,0.2,19,25,0.76,7,38,20,7,7,11,25
CLE,17,11/28/2015,Home,BRK,W,90,88,35,87,0.402,9,27,0.333,11,17,0.647,12,49,20,9,11,19,19,33,81,0.407,4,17,0.235,18,24,0.75,8,46,21,9,4,16,18
CLE,18,12/1/2015,Home,WAS,L,85,97,28,83,0.337,9,30,0.3,20,23,0.87,10,47,15,8,3,18,18,39,83,0.47,7,28,0.25,12,16,0.75,2,39,23,7,5,12,23
CLE,19,12/4/2015,Away,NOP,L,108,114,39,89,0.438,10,33,0.303,20,24,0.833,12,43,18,8,1,14,26,42,85,0.494,9,25,0.36,21,31,0.677,11,46,25,10,2,15,25
CLE,20,12/5/2015,Away,MIA,L,84,99,31,85,0.365,6,28,0.214,16,24,0.667,11,36,14,8,1,14,26,37,68,0.544,7,16,0.438,18,29,0.621,3,41,21,5,9,15,25
CLE,21,12/8/2015,Home,POR,W,105,100,40,79,0.506,9,21,0.429,16,20,0.8,6,30,18,10,4,8,18,40,79,0.506,11,26,0.423,9,16,0.563,10,36,21,3,2,18,25
CLE,22,12/11/2015,Away,ORL,W,111,76,41,72,0.569,11,21,0.524,18,27,0.667,9,45,28,12,0,18,19,28,72,0.389,6,22,0.273,14,20,0.7,6,30,16,8,3,19,24
CLE,23,12/15/2015,Away,BOS,W,89,77,36,78,0.462,8,23,0.348,9,10,0.9,6,46,17,5,7,14,17,28,87,0.322,9,32,0.281,12,14,0.857,12,41,18,6,6,10,11
CLE,24,12/17/2015,Home,OKC,W,104,100,41,88,0.466,12,29,0.414,10,13,0.769,16,42,29,6,1,16,22,35,74,0.473,6,20,0.3,24,28,0.857,9,36,23,7,7,12,20
CLE,25,12/20/2015,Home,PHI,W,108,86,40,85,0.471,11,25,0.44,17,21,0.81,6,40,25,11,6,10,19,30,86,0.349,5,24,0.208,21,30,0.7,16,49,15,6,2,19,22
CLE,26,12/23/2015,Home,NYK,W,91,84,32,83,0.386,5,22,0.227,22,25,0.88,14,48,23,6,4,7,15,32,82,0.39,5,16,0.313,15,16,0.938,9,44,19,5,7,11,17
CLE,27,12/25/2015,Away,GSW,L,83,89,30,95,0.316,5,30,0.167,18,25,0.72,17,55,12,6,4,11,22,32,78,0.41,5,18,0.278,20,27,0.741,8,49,21,7,10,16,19
CLE,28,12/26/2015,Away,POR,L,76,105,28,77,0.364,11,31,0.355,9,15,0.6,9,42,21,4,2,17,20,41,89,0.461,9,22,0.409,14,19,0.737,10,49,28,9,3,8,12
CLE,29,12/28/2015,Away,PHO,W,101,97,33,71,0.465,17,41,0.415,18,25,0.72,10,37,21,8,8,17,18,36,79,0.456,11,25,0.44,14,20,0.7,14,44,20,8,1,16,23
CLE,30,12/29/2015,Away,DEN,W,93,87,38,86,0.442,4,22,0.182,13,22,0.591,9,44,17,12,3,12,16,37,89,0.416,5,24,0.208,8,11,0.727,12,52,18,8,6,18,19
CLE,31,1/2/2016,Home,ORL,W,104,79,34,82,0.415,12,37,0.324,24,39,0.615,12,53,24,6,1,4,17,29,76,0.382,6,25,0.24,15,17,0.882,5,45,16,1,2,14,29
CLE,32,1/4/2016,Home,TOR,W,122,100,41,74,0.554,17,33,0.515,23,26,0.885,11,40,25,6,4,13,22,36,73,0.493,8,19,0.421,20,29,0.69,8,26,24,9,5,9,19
CLE,33,1/6/2016,Away,WAS,W,121,115,48,89,0.539,12,29,0.414,13,19,0.684,13,44,16,9,3,10,20,42,76,0.553,14,24,0.583,17,27,0.63,5,33,31,7,1,12,18
CLE,34,1/8/2016,Away,MIN,W,125,99,43,81,0.531,13,27,0.481,26,29,0.897,10,43,23,8,5,11,19,36,79,0.456,7,16,0.438,20,26,0.769,7,33,24,8,2,12,21
CLE,35,1/10/2016,Away,PHI,W,95,85,35,90,0.389,9,32,0.281,16,23,0.696,13,51,20,9,2,10,16,35,77,0.455,6,18,0.333,9,19,0.474,7,48,22,6,7,19,18
CLE,36,1/12/2016,Away,DAL,W,110,107,40,97,0.412,17,44,0.386,13,16,0.813,17,46,28,12,4,9,21,39,79,0.494,11,28,0.393,18,22,0.818,7,44,25,4,7,16,16
CLE,37,1/14/2016,Away,SAS,L,95,99,38,82,0.463,10,26,0.385,9,11,0.818,9,43,15,4,2,17,23,38,83,0.458,5,17,0.294,18,22,0.818,11,45,17,6,7,11,16
CLE,38,1/15/2016,Away,HOU,W,91,77,34,87,0.391,8,35,0.229,15,23,0.652,17,49,19,10,6,14,24,26,74,0.351,6,25,0.24,19,29,0.655,10,40,15,10,6,18,20
CLE,39,1/18/2016,Home,GSW,L,98,132,37,77,0.481,7,19,0.368,17,25,0.68,8,36,22,3,4,15,25,46,85,0.541,19,40,0.475,21,27,0.778,6,37,33,7,2,8,25
CLE,40,1/20/2016,Away,BRK,W,91,78,36,77,0.468,5,17,0.294,14,20,0.7,6,45,15,6,3,13,13,35,84,0.417,4,19,0.211,4,8,0.5,9,39,20,4,4,12,16
CLE,41,1/21/2016,Home,LAC,W,115,102,42,83,0.506,13,28,0.464,18,24,0.75,14,47,29,5,2,13,31,36,80,0.45,6,25,0.24,24,36,0.667,8,35,19,9,3,9,21
CLE,42,1/23/2016,Home,CHI,L,83,96,35,94,0.372,4,24,0.167,9,22,0.409,16,48,17,5,5,4,18,38,87,0.437,7,17,0.412,13,15,0.867,13,53,21,2,5,7,18
CLE,43,1/25/2016,Home,MIN,W,114,107,45,89,0.506,11,31,0.355,13,20,0.65,12,43,30,7,3,15,18,41,84,0.488,4,16,0.25,21,23,0.913,8,38,28,10,2,10,24
CLE,44,1/27/2016,Home,PHO,W,115,93,45,81,0.556,11,28,0.393,14,16,0.875,10,37,34,12,3,13,17,33,70,0.471,8,20,0.4,19,25,0.76,12,34,25,6,2,22,17
CLE,45,1/29/2016,Away,DET,W,114,106,39,83,0.47,9,23,0.391,27,29,0.931,10,47,20,4,1,7,25,40,84,0.476,7,23,0.304,19,26,0.731,9,39,20,5,4,9,24
CLE,46,1/30/2016,Home,SAS,W,117,103,45,82,0.549,9,23,0.391,18,21,0.857,10,43,24,4,4,9,21,40,81,0.494,6,18,0.333,17,21,0.81,8,32,20,2,2,6,19
CLE,47,2/1/2016,Away,IND,W,111,106,44,88,0.5,7,22,0.318,16,23,0.696,10,45,22,8,3,16,19,43,101,0.426,8,27,0.296,12,14,0.857,17,44,24,11,7,16,23
CLE,48,2/3/2016,Away,CHO,L,97,106,38,83,0.458,10,28,0.357,11,14,0.786,3,28,16,9,5,7,19,39,79,0.494,9,27,0.333,19,23,0.826,11,49,26,4,3,14,14
CLE,49,2/5/2016,Home,BOS,L,103,104,37,87,0.425,8,30,0.267,21,35,0.6,15,47,21,8,6,14,25,38,88,0.432,7,20,0.35,21,25,0.84,11,49,21,6,5,15,27
CLE,50,2/6/2016,Home,NOP,W,99,84,39,90,0.433,14,41,0.341,7,7,1,10,49,21,6,6,12,17,34,87,0.391,5,23,0.217,11,16,0.688,13,42,18,5,2,8,16
CLE,51,2/8/2016,Home,SAC,W,120,100,45,94,0.479,16,35,0.457,14,19,0.737,12,53,27,7,5,14,25,36,82,0.439,9,23,0.391,19,29,0.655,8,44,28,11,4,17,23
CLE,52,2/10/2016,Home,LAL,W,120,111,48,94,0.511,13,31,0.419,11,18,0.611,13,46,26,6,1,6,20,38,86,0.442,13,28,0.464,22,27,0.815,11,44,16,5,3,11,19
CLE,53,2/18/2016,Home,CHI,W,106,95,42,91,0.462,7,24,0.292,15,17,0.882,11,52,21,8,8,10,22,37,93,0.398,8,21,0.381,13,22,0.591,15,49,12,4,4,13,19
CLE,54,2/21/2016,Away,OKC,W,115,92,41,80,0.513,10,23,0.435,23,27,0.852,13,49,25,4,1,12,21,37,90,0.411,5,21,0.238,13,19,0.684,14,39,22,9,7,10,23
CLE,55,2/22/2016,Home,DET,L,88,96,34,79,0.43,8,26,0.308,12,13,0.923,5,40,19,8,2,17,21,37,80,0.463,8,25,0.32,14,21,0.667,6,43,17,10,3,13,15
CLE,56,2/24/2016,Home,CHO,W,114,103,45,91,0.495,13,32,0.406,11,17,0.647,12,47,26,11,1,9,20,37,76,0.487,10,29,0.345,19,27,0.704,8,43,23,7,2,14,20
CLE,57,2/26/2016,Away,TOR,L,97,99,35,74,0.473,12,24,0.5,15,21,0.714,10,39,21,4,0,14,26,37,73,0.507,6,17,0.353,19,26,0.731,5,34,18,6,0,11,23
CLE,58,2/28/2016,Away,WAS,L,99,113,32,80,0.4,9,29,0.31,26,30,0.867,6,39,20,6,2,14,26,39,79,0.494,11,31,0.355,24,34,0.706,6,45,28,6,2,13,26
CLE,59,2/29/2016,Home,IND,W,100,96,35,83,0.422,9,29,0.31,21,25,0.84,9,40,22,4,2,11,15,37,80,0.463,8,18,0.444,14,15,0.933,9,36,23,8,11,11,23
CLE,60,3/4/2016,Home,WAS,W,108,83,42,90,0.467,12,27,0.444,12,16,0.75,8,47,24,9,5,9,19,32,81,0.395,3,20,0.15,16,24,0.667,10,47,14,2,5,16,19
CLE,61,3/5/2016,Home,BOS,W,120,103,42,82,0.512,10,30,0.333,26,34,0.765,15,47,27,8,4,15,21,37,80,0.463,10,23,0.435,19,27,0.704,10,37,17,8,1,14,22
CLE,62,3/7/2016,Home,MEM,L,103,106,36,80,0.45,7,29,0.241,24,29,0.828,13,49,23,9,7,25,22,41,86,0.477,6,20,0.3,18,22,0.818,9,35,23,16,8,16,26
CLE,63,3/9/2016,Away,SAC,W,120,111,39,90,0.433,13,44,0.295,29,35,0.829,15,51,17,5,1,13,21,40,84,0.476,8,22,0.364,23,32,0.719,5,38,20,8,2,9,27
CLE,64,3/10/2016,Away,LAL,W,120,108,45,85,0.529,16,35,0.457,14,20,0.7,9,38,22,4,6,8,20,42,80,0.525,7,22,0.318,17,21,0.81,4,34,18,8,4,10,22
CLE,65,3/13/2016,Away,LAC,W,114,90,41,84,0.488,18,37,0.486,14,20,0.7,9,49,23,3,4,8,19,32,79,0.405,10,32,0.313,16,19,0.842,5,34,23,5,4,10,23
CLE,66,3/14/2016,Away,UTA,L,85,94,35,88,0.398,10,43,0.233,5,8,0.625,13,39,18,6,3,8,16,35,71,0.493,12,27,0.444,12,14,0.857,8,40,20,3,4,12,15
CLE,67,3/16/2016,Home,DAL,W,99,98,39,88,0.443,10,37,0.27,11,13,0.846,13,48,21,9,4,16,19,37,79,0.468,7,22,0.318,17,19,0.895,4,32,24,6,7,10,18
CLE,68,3/18/2016,Away,ORL,W,109,103,38,76,0.5,13,28,0.464,20,27,0.741,9,41,23,7,4,19,21,37,82,0.451,11,22,0.5,18,22,0.818,9,36,24,12,4,13,24
CLE,69,3/19/2016,Away,MIA,L,101,122,40,76,0.526,10,24,0.417,11,13,0.846,3,26,19,6,3,14,22,46,84,0.548,11,19,0.579,19,23,0.826,13,42,29,7,5,11,14
CLE,70,3/21/2016,Home,DEN,W,124,91,48,86,0.558,15,31,0.484,13,17,0.765,8,43,38,10,4,12,19,32,81,0.395,8,22,0.364,19,25,0.76,10,35,19,10,4,16,16
CLE,71,3/23/2016,Home,MIL,W,113,104,40,83,0.482,10,34,0.294,23,27,0.852,17,42,29,6,8,12,17,43,80,0.538,7,16,0.438,11,15,0.733,10,31,23,8,4,14,24
CLE,72,3/24/2016,Away,BRK,L,95,104,39,89,0.438,10,38,0.263,7,9,0.778,11,45,22,3,2,14,20,41,89,0.461,8,22,0.364,14,19,0.737,10,46,28,10,5,9,16
CLE,73,3/26/2016,Away,NYK,W,107,93,37,83,0.446,14,34,0.412,19,25,0.76,15,53,21,6,5,9,23,33,79,0.418,8,23,0.348,19,28,0.679,10,41,20,5,0,8,23
CLE,74,3/29/2016,Home,HOU,L,100,106,31,86,0.36,14,40,0.35,24,28,0.857,10,38,21,5,5,11,31,38,79,0.481,9,25,0.36,21,42,0.5,14,55,23,7,5,14,24
CLE,75,3/31/2016,Home,BRK,W,107,87,38,87,0.437,12,38,0.316,19,24,0.792,9,50,29,10,7,17,17,35,94,0.372,4,21,0.19,13,21,0.619,13,55,26,12,4,17,19
CLE,76,4/1/2016,Away,ATL,W,110,108,39,98,0.398,12,38,0.316,20,31,0.645,11,57,27,9,6,12,23,38,95,0.4,9,30,0.3,23,26,0.885,5,48,25,5,8,15,27
CLE,77,4/3/2016,Home,CHO,W,112,103,45,83,0.542,16,29,0.552,6,13,0.462,15,46,34,7,1,17,19,34,76,0.447,9,26,0.346,26,27,0.963,11,35,23,15,4,15,13
CLE,78,4/5/2016,Away,MIL,W,109,80,41,75,0.547,18,36,0.5,9,10,0.9,2,41,30,4,8,16,14,35,88,0.398,4,16,0.25,6,12,0.5,12,41,20,7,1,10,14
CLE,79,4/6/2016,Away,IND,L,109,123,35,74,0.473,8,29,0.276,31,34,0.912,7,33,15,7,3,10,19,45,80,0.563,16,31,0.516,17,22,0.773,9,38,25,9,1,14,24
CLE,80,4/9/2016,Away,CHI,L,102,105,36,83,0.434,19,40,0.475,11,18,0.611,12,42,24,5,5,15,18,40,89,0.449,8,24,0.333,17,21,0.81,13,45,19,8,6,12,22
CLE,81,4/11/2016,Home,ATL,W,109,94,40,83,0.482,11,29,0.379,18,20,0.9,9,47,17,9,4,15,14,39,87,0.448,8,30,0.267,8,15,0.533,10,42,23,8,6,15,18
CLE,82,4/13/2016,Home,DET,L,110,112,46,97,0.474,7,18,0.389,11,15,0.733,8,43,21,4,7,10,23,37,85,0.435,16,33,0.485,22,28,0.786,9,47,24,5,11,12,15
GSW,1,10/27/2015,Home,NOP,W,111,95,41,96,0.427,9,30,0.3,20,22,0.909,21,56,29,8,7,20,29,35,83,0.422,6,18,0.333,19,27,0.704,8,33,21,9,3,18,26
GSW,2,10/30/2015,Away,HOU,W,112,92,43,93,0.462,9,26,0.346,17,25,0.68,11,47,26,9,4,8,24,30,82,0.366,5,23,0.217,27,36,0.75,12,49,19,3,9,16,20
GSW,3,10/31/2015,Away,NOP,W,134,120,46,84,0.548,17,30,0.567,25,35,0.714,3,38,26,10,4,10,24,46,100,0.46,8,22,0.364,20,23,0.87,16,48,22,4,4,15,23
GSW,4,11/2/2015,Home,MEM,W,119,69,43,84,0.512,11,25,0.44,22,30,0.733,10,65,32,8,13,14,15,26,96,0.271,3,23,0.13,14,20,0.7,11,44,21,8,7,11,24
GSW,5,11/4/2015,Home,LAC,W,112,108,39,85,0.459,10,26,0.385,24,31,0.774,9,42,28,6,5,12,22,43,88,0.489,8,22,0.364,14,22,0.636,10,41,24,6,4,11,26
GSW,6,11/6/2015,Home,DEN,W,119,104,46,93,0.495,17,37,0.459,10,18,0.556,13,53,40,10,6,20,22,39,92,0.424,8,24,0.333,18,22,0.818,10,44,23,13,5,19,20
GSW,7,11/7/2015,Away,SAC,W,103,94,38,92,0.413,8,39,0.205,19,22,0.864,15,46,27,13,2,18,15,38,87,0.437,6,19,0.316,12,16,0.75,13,45,26,9,3,21,19
GSW,8,11/9/2015,Home,DET,W,109,95,43,91,0.473,12,21,0.571,11,13,0.846,13,41,29,13,4,16,18,40,85,0.471,6,19,0.316,9,15,0.6,12,41,15,9,3,20,14
GSW,9,11/11/2015,Away,MEM,W,100,84,36,75,0.48,11,27,0.407,17,23,0.739,7,36,22,12,8,23,30,24,70,0.343,3,15,0.2,33,36,0.917,10,41,15,14,5,21,26
GSW,10,11/12/2015,Away,MIN,W,129,116,48,89,0.539,18,38,0.474,15,16,0.938,6,33,34,8,7,11,25,43,87,0.494,3,9,0.333,27,36,0.75,15,47,21,4,1,13,18
GSW,11,11/14/2015,Home,BRK,W,107,99,43,97,0.443,12,34,0.353,9,10,0.9,11,50,31,9,10,14,19,41,98,0.418,2,18,0.111,15,16,0.938,11,50,22,12,4,12,13
GSW,12,11/17/2015,Home,TOR,W,115,110,43,80,0.538,11,29,0.379,18,27,0.667,9,34,31,10,6,20,29,37,79,0.468,6,18,0.333,30,39,0.769,12,40,18,11,2,18,25
GSW,13,11/19/2015,Away,LAC,W,124,117,38,73,0.521,17,30,0.567,31,36,0.861,8,44,31,4,4,19,20,44,88,0.5,13,29,0.448,16,24,0.667,9,35,21,11,2,10,25
GSW,14,11/20/2015,Home,CHI,W,106,94,39,79,0.494,10,29,0.345,18,24,0.75,11,49,20,7,6,15,15,35,88,0.398,7,22,0.318,17,23,0.739,15,43,22,11,2,12,19
GSW,15,11/22/2015,Away,DEN,W,118,105,47,89,0.528,15,29,0.517,9,13,0.692,11,46,35,15,8,21,25,37,86,0.43,4,15,0.267,27,35,0.771,13,41,23,9,3,19,15
GSW,16,11/24/2015,Home,LAL,W,111,77,45,92,0.489,12,35,0.343,9,15,0.6,12,48,32,9,6,8,13,31,83,0.373,3,21,0.143,12,16,0.75,8,45,16,8,2,14,15
GSW,17,11/27/2015,Away,PHO,W,135,116,46,81,0.568,22,38,0.579,21,31,0.677,11,53,32,7,9,23,26,45,92,0.489,10,26,0.385,16,23,0.696,7,30,21,13,2,14,26
GSW,18,11/28/2015,Home,SAC,W,120,101,39,80,0.488,16,30,0.533,26,31,0.839,13,48,32,8,7,14,19,39,100,0.39,10,25,0.4,13,15,0.867,19,48,22,9,7,14,24
GSW,19,11/30/2015,Away,UTA,W,106,103,40,82,0.488,14,29,0.483,12,15,0.8,14,45,21,2,5,15,19,40,89,0.449,6,19,0.316,17,22,0.773,10,35,18,9,2,8,16
GSW,20,12/2/2015,Away,CHO,W,116,99,46,88,0.523,16,34,0.471,8,11,0.727,11,53,31,2,9,18,23,35,94,0.372,9,31,0.29,20,30,0.667,13,41,19,10,7,8,13
GSW,21,12/5/2015,Away,TOR,W,112,109,35,73,0.479,16,30,0.533,26,36,0.722,8,43,22,2,5,12,24,40,91,0.44,8,20,0.4,21,26,0.808,11,38,21,9,3,6,27
GSW,22,12/6/2015,Away,BRK,W,114,98,44,86,0.512,14,33,0.424,12,23,0.522,10,46,25,9,9,12,18,39,89,0.438,5,17,0.294,15,23,0.652,11,46,21,8,2,13,18
GSW,23,12/8/2015,Away,IND,W,131,123,52,95,0.547,16,35,0.457,11,15,0.733,10,46,29,10,6,15,19,44,100,0.44,14,33,0.424,21,26,0.808,16,44,23,8,3,16,18
GSW,24,12/11/2015,Away,BOS,W,124,119,42,107,0.393,9,31,0.29,31,39,0.795,17,67,28,10,11,18,22,49,114,0.43,12,33,0.364,9,16,0.563,11,51,32,7,9,15,30
GSW,25,12/12/2015,Away,MIL,L,95,108,36,89,0.404,6,27,0.222,17,25,0.68,15,49,23,9,8,16,20,44,90,0.489,6,14,0.429,14,18,0.778,8,44,31,12,4,16,24
GSW,26,12/16/2015,Home,PHO,W,128,103,46,88,0.523,15,32,0.469,21,27,0.778,9,49,32,12,4,17,17,41,91,0.451,5,22,0.227,16,18,0.889,7,41,28,11,4,20,20
GSW,27,12/18/2015,Home,MIL,W,121,112,42,87,0.483,9,26,0.346,28,37,0.757,15,46,31,7,4,15,22,42,91,0.462,4,18,0.222,24,28,0.857,14,41,25,6,7,16,29
GSW,28,12/23/2015,Home,UTA,W,103,85,39,83,0.47,9,23,0.391,16,16,1,9,40,26,10,9,15,11,33,80,0.413,7,20,0.35,12,14,0.857,12,40,14,9,3,19,18
GSW,29,12/25/2015,Home,CLE,W,89,83,32,78,0.41,5,18,0.278,20,27,0.741,8,49,21,7,10,16,19,30,95,0.316,5,30,0.167,18,25,0.72,17,55,12,6,4,11,22
GSW,30,12/28/2015,Home,SAC,W,122,103,43,89,0.483,20,42,0.476,16,24,0.667,13,59,33,12,8,18,25,37,95,0.389,13,31,0.419,16,28,0.571,13,48,23,10,4,14,21
GSW,31,12/30/2015,Away,DAL,L,91,114,33,81,0.407,7,19,0.368,18,24,0.75,8,37,20,9,0,12,18,42,82,0.512,14,27,0.519,16,20,0.8,12,52,20,6,4,15,19
GSW,32,12/31/2015,Away,HOU,W,114,110,43,84,0.512,11,23,0.478,17,27,0.63,12,43,35,8,5,18,20,36,78,0.462,12,30,0.4,26,29,0.897,4,33,21,13,5,15,22
GSW,33,1/2/2016,Home,DEN,W,111,108,43,86,0.5,10,28,0.357,15,23,0.652,9,47,34,9,5,13,22,44,105,0.419,5,30,0.167,15,23,0.652,24,52,27,7,0,13,23
GSW,34,1/4/2016,Home,CHO,W,111,101,45,87,0.517,15,34,0.441,6,6,1,3,37,32,4,9,11,19,38,86,0.442,7,21,0.333,18,19,0.947,8,41,15,7,1,11,12
GSW,35,1/5/2016,Away,LAL,W,109,88,40,86,0.465,13,31,0.419,16,21,0.762,10,54,26,9,9,10,17,29,91,0.319,5,21,0.238,25,30,0.833,15,52,15,7,4,12,16
GSW,36,1/8/2016,Away,POR,W,128,108,46,87,0.529,18,32,0.563,18,21,0.857,5,48,36,6,5,15,20,38,96,0.396,12,33,0.364,20,28,0.714,12,45,21,12,4,9,17
GSW,37,1/9/2016,Away,SAC,W,128,116,49,87,0.563,19,37,0.514,11,15,0.733,9,48,35,5,8,18,25,43,92,0.467,8,23,0.348,22,29,0.759,7,34,27,8,3,10,22
GSW,38,1/11/2016,Home,MIA,W,111,103,41,86,0.477,7,23,0.304,22,30,0.733,9,49,25,5,1,9,18,41,91,0.451,7,19,0.368,14,16,0.875,9,47,31,2,4,10,19
GSW,39,1/13/2016,Away,DEN,L,110,112,42,88,0.477,10,26,0.385,16,20,0.8,7,39,25,9,11,13,25,37,87,0.425,5,22,0.227,33,37,0.892,13,49,22,7,3,13,18
GSW,40,1/14/2016,Home,LAL,W,116,98,43,86,0.5,13,33,0.394,17,20,0.85,12,47,26,12,4,19,17,40,90,0.444,4,23,0.174,14,24,0.583,16,47,17,13,3,21,19
GSW,41,1/16/2016,Away,DET,L,95,113,34,94,0.362,10,25,0.4,17,23,0.739,14,47,18,6,9,12,16,47,101,0.465,8,23,0.348,11,20,0.55,17,57,22,8,11,9,22
GSW,42,1/18/2016,Away,CLE,W,132,98,46,85,0.541,19,40,0.475,21,27,0.778,6,37,33,7,2,8,25,37,77,0.481,7,19,0.368,17,25,0.68,8,36,22,3,4,15,25
GSW,43,1/20/2016,Away,CHI,W,125,94,50,95,0.526,12,32,0.375,13,20,0.65,12,55,38,8,9,10,17,37,100,0.37,1,20,0.05,19,24,0.792,16,49,14,4,4,10,17
GSW,44,1/22/2016,Home,IND,W,122,110,43,90,0.478,14,33,0.424,22,25,0.88,14,50,31,9,4,17,24,44,95,0.463,3,17,0.176,19,27,0.704,15,44,22,11,4,13,20
GSW,45,1/25/2016,Home,SAS,W,120,90,44,85,0.518,11,26,0.423,21,25,0.84,10,45,31,15,3,21,25,31,74,0.419,5,14,0.357,23,31,0.742,9,38,21,11,4,25,21
GSW,46,1/27/2016,Home,DAL,W,127,107,47,81,0.58,14,29,0.483,19,21,0.905,7,40,33,5,4,9,18,44,87,0.506,11,31,0.355,8,12,0.667,8,34,20,4,0,10,21
GSW,47,1/30/2016,Away,PHI,W,108,105,47,95,0.495,13,30,0.433,1,2,0.5,12,57,37,5,7,23,18,42,92,0.457,10,29,0.345,11,21,0.524,8,40,23,18,4,10,8
GSW,48,1/31/2016,Away,NYK,W,116,95,42,73,0.575,16,29,0.552,16,23,0.696,3,44,31,8,5,18,21,33,90,0.367,6,18,0.333,23,26,0.885,12,41,19,6,4,11,20
GSW,49,2/3/2016,Away,WAS,W,134,121,49,93,0.527,20,41,0.488,16,29,0.552,11,49,35,10,5,18,24,46,91,0.505,8,23,0.348,21,30,0.7,4,38,26,16,4,13,22
GSW,50,2/6/2016,Home,OKC,W,116,108,48,97,0.495,7,26,0.269,13,20,0.65,13,46,24,7,4,10,23,36,85,0.424,7,22,0.318,29,37,0.784,12,50,22,10,5,15,18
GSW,51,2/9/2016,Home,HOU,W,123,110,44,94,0.468,12,34,0.353,23,26,0.885,14,49,28,5,6,12,26,37,87,0.425,13,33,0.394,23,35,0.657,13,43,24,8,4,12,22
GSW,52,2/10/2016,Away,PHO,W,112,104,37,89,0.416,14,40,0.35,24,29,0.828,8,50,24,12,7,13,22,41,93,0.441,6,21,0.286,16,22,0.727,10,50,21,7,6,18,23
GSW,53,2/19/2016,Away,POR,L,105,137,36,92,0.391,12,34,0.353,21,28,0.75,14,47,25,7,4,20,17,52,97,0.536,17,30,0.567,16,23,0.696,8,48,28,12,4,13,21
GSW,54,2/20/2016,Away,LAC,W,115,112,42,82,0.512,11,31,0.355,20,26,0.769,6,39,32,8,2,14,19,42,94,0.447,13,36,0.361,15,18,0.833,15,49,24,9,2,14,24
GSW,55,2/22/2016,Away,ATL,W,102,92,39,89,0.438,14,45,0.311,10,12,0.833,6,43,30,14,8,13,17,36,86,0.419,10,34,0.294,10,16,0.625,8,47,23,7,7,17,17
GSW,56,2/24/2016,Away,MIA,W,118,112,42,90,0.467,13,28,0.464,21,25,0.84,9,43,23,7,2,13,24,40,86,0.465,6,14,0.429,26,31,0.839,11,46,19,8,8,12,23
GSW,57,2/25/2016,Away,ORL,W,130,114,53,88,0.602,13,25,0.52,11,16,0.688,8,42,35,9,4,20,21,41,90,0.456,10,26,0.385,22,28,0.786,8,37,23,11,4,15,17
GSW,58,2/27/2016,Away,OKC,W,121,118,45,95,0.474,14,32,0.438,17,25,0.68,4,32,25,15,7,11,22,46,96,0.479,9,26,0.346,17,26,0.654,16,62,23,6,4,22,21
GSW,59,3/1/2016,Home,ATL,W,109,105,41,103,0.398,12,36,0.333,15,17,0.882,18,51,28,11,3,11,22,37,80,0.463,12,33,0.364,19,24,0.792,7,42,25,9,5,17,17
GSW,60,3/3/2016,Home,OKC,W,121,106,47,87,0.54,11,34,0.324,16,21,0.762,4,40,33,11,3,8,20,40,86,0.465,4,20,0.2,22,27,0.815,11,46,22,3,4,14,18
GSW,61,3/6/2016,Away,LAL,L,95,112,37,92,0.402,4,30,0.133,17,21,0.81,17,49,32,5,3,20,20,41,87,0.471,9,25,0.36,21,22,0.955,9,41,23,12,6,11,24
GSW,62,3/7/2016,Home,ORL,W,119,113,42,84,0.5,16,35,0.457,19,27,0.704,10,50,27,13,7,24,26,40,90,0.444,5,21,0.238,28,34,0.824,9,42,24,14,3,15,21
GSW,63,3/9/2016,Home,UTA,W,115,94,48,84,0.571,13,30,0.433,6,10,0.6,9,39,36,10,7,15,23,32,79,0.405,8,20,0.4,22,31,0.71,14,42,21,9,4,18,16
GSW,64,3/11/2016,Home,POR,W,128,112,40,89,0.449,18,40,0.45,30,39,0.769,16,56,23,5,6,8,20,37,86,0.43,19,36,0.528,19,23,0.826,7,39,20,4,4,8,23
GSW,65,3/12/2016,Home,PHO,W,123,116,42,84,0.5,11,33,0.333,28,33,0.848,7,42,28,6,9,8,25,45,92,0.489,11,29,0.379,15,20,0.75,9,47,29,3,3,12,30
GSW,66,3/14/2016,Home,NOP,W,125,107,47,81,0.58,12,25,0.48,19,23,0.826,8,46,30,6,6,18,22,35,93,0.376,7,25,0.28,30,34,0.882,17,40,18,14,3,8,19
GSW,67,3/16/2016,Home,NYK,W,121,85,46,91,0.505,18,37,0.486,11,12,0.917,12,54,32,4,8,12,13,36,91,0.396,7,19,0.368,6,10,0.6,11,38,29,7,3,9,11
GSW,68,3/18/2016,Away,DAL,W,130,112,48,95,0.505,22,38,0.579,12,14,0.857,5,42,35,8,7,12,21,41,93,0.441,9,29,0.31,21,22,0.955,11,46,25,4,8,12,15
GSW,69,3/19/2016,Away,SAS,L,79,87,31,82,0.378,9,36,0.25,8,10,0.8,7,37,24,12,3,10,21,32,78,0.41,8,21,0.381,15,18,0.833,14,53,17,4,6,17,19
GSW,70,3/21/2016,Away,MIN,W,109,104,43,87,0.494,8,24,0.333,15,24,0.625,13,44,31,13,10,16,20,36,82,0.439,7,19,0.368,25,30,0.833,10,37,26,8,5,15,20
GSW,71,3/23/2016,Home,LAC,W,114,98,39,87,0.448,15,34,0.441,21,28,0.75,11,50,23,9,5,12,20,36,85,0.424,8,28,0.286,18,27,0.667,8,46,21,8,7,10,22
GSW,72,3/25/2016,Home,DAL,W,128,120,43,88,0.489,21,45,0.467,21,23,0.913,7,40,30,8,10,7,16,43,96,0.448,18,35,0.514,16,21,0.762,15,51,31,3,6,11,19
GSW,73,3/27/2016,Home,PHI,W,117,105,44,83,0.53,14,33,0.424,15,20,0.75,7,44,32,9,4,18,15,42,90,0.467,10,30,0.333,11,12,0.917,9,37,27,10,3,12,20
GSW,74,3/29/2016,Home,WAS,W,102,94,38,87,0.437,11,25,0.44,15,23,0.652,7,55,27,11,6,16,23,36,86,0.419,5,23,0.217,17,27,0.63,7,48,26,6,7,17,19
GSW,75,3/30/2016,Away,UTA,W,103,96,39,89,0.438,12,35,0.343,13,18,0.722,9,46,19,6,6,18,21,37,92,0.402,9,32,0.281,13,29,0.448,16,54,14,11,2,15,23
GSW,76,4/1/2016,Home,BOS,L,106,109,38,83,0.458,20,43,0.465,10,13,0.769,8,41,25,12,7,22,24,41,87,0.471,8,23,0.348,19,30,0.633,11,44,28,10,1,14,14
GSW,77,4/3/2016,Home,POR,W,136,111,50,88,0.568,18,30,0.6,18,22,0.818,11,43,30,5,8,12,23,38,85,0.447,9,24,0.375,26,33,0.788,11,37,23,8,4,13,16
GSW,78,4/5/2016,Home,MIN,L,117,124,49,98,0.5,12,35,0.343,7,8,0.875,9,46,35,9,5,23,29,44,86,0.512,8,17,0.471,28,36,0.778,6,40,30,14,6,17,15
GSW,79,4/7/2016,Home,SAS,W,112,101,45,83,0.542,12,25,0.48,10,11,0.909,7,43,33,8,2,15,22,39,80,0.488,7,16,0.438,16,23,0.696,5,32,28,10,2,12,11
GSW,80,4/9/2016,Away,MEM,W,100,99,39,87,0.448,10,36,0.278,12,13,0.923,7,48,20,3,7,11,14,37,96,0.385,7,21,0.333,18,20,0.9,17,54,19,8,4,6,16
GSW,81,4/10/2016,Away,SAS,W,92,86,34,77,0.442,10,27,0.37,14,18,0.778,7,46,19,7,6,13,18,34,90,0.378,3,17,0.176,15,19,0.789,18,53,21,10,5,11,18
GSW,82,4/13/2016,Home,MEM,W,125,104,46,87,0.529,20,47,0.426,13,16,0.813,12,51,35,7,7,17,14,42,98,0.429,8,24,0.333,12,16,0.75,13,40,25,12,1,13,18
